Transect,Species,Count,Time,Date
Adelie,WISP,1,10:12,11/28/2018
Adelie,UNSK,1,10:13,11/28/2018
Adelie,CORM,1,10:33,11/28/2018
Adelie,WISP,1,10:35,11/28/2018
Adelie,CORM,1,10:35,11/28/2018
Adelie,UNPE,3,10:43,11/28/2018
Adelie,UNSK,1,11:10,11/28/2018
Adelie,UNSK,1,11:28,11/28/2018
Adelie,UNSK,1,11:32,11/28/2018
Adelie,GIPE,1,11:37,11/28/2018
Adelie,GIPE,1,11:39,11/28/2018
Adelie,HUWH,2,11:41,11/28/2018
Adelie,UNSK,1,11:46,11/28/2018
Adelie,WISP,1,11:48,11/28/2018
Adelie,WISP,1,12:03,11/28/2018
Adelie,WISP,1,12:12,11/28/2018
Adelie,WISP,1,12:31,11/28/2018
Adelie,UNSK,1,12:29,11/28/2018
Adelie,WISP,1,12:43,11/28/2018
Adelie,UNSK,1,12:47,11/28/2018
Adelie,ANTE,1,12:48,11/28/2018
Adelie,KEGU,1,12:50,11/28/2018
Adelie,UNSK,1,12:51,11/28/2018
Adelie,UNSK,1,13:03,11/28/2018
Adelie,GEPE,1,13:11,11/28/2018
Adelie,GIPE,1,13:42,11/28/2018
Adelie,UNSK,1,13:57,11/28/2018
Adelie,ANTE,2,14:05,11/28/2018
Adelie,GIPE,1,14:09,11/28/2018
Adelie,GIPE,1,14:12,11/28/2018
Gentoo,UNTE,1,11:00,12/18/2018
Gentoo,WISP,1,11:07,12/18/2018
Gentoo,WISP,1,11:10,12/18/2018
Gentoo,UNSK,1,11:25,12/18/2018
Gentoo,WISP,1,11:27,12/18/2018
Gentoo,UNSK,1,11:34,12/18/2018
Gentoo,UNSK,1,11:36,12/18/2018
Gentoo,UNSK,1,11:40,12/18/2018
Gentoo,UNSK,1,11:41,12/18/2018
Gentoo,UNSK,1,11:45,12/18/2018
Gentoo,WISP,1,11:54,12/18/2018
Gentoo,HUWH,1,11:55,12/18/2018
Gentoo,WISP,2,12:01,12/18/2018
Gentoo,WISP,3,12:04,12/18/2018
Gentoo,WISP,1,12:12,12/18/2018
Gentoo,GEPE,4,12:15,12/18/2018
Gentoo,UNSK,1,12:35,12/18/2018
Gentoo,GIPE,1,12:41,12/18/2018
Gentoo,UNTE,1,12:48,12/18/2018
Gentoo,GIPE,1,12:56,12/18/2018
Gentoo,GIPE,1,12:59,12/18/2018
Gentoo,WISP,1,12:59,12/18/2018
Gentoo,UNSK,1,12:59,12/18/2018
Gentoo,UNTE,1,13:04,12/18/2018
Gentoo,UNSK,1,13:09,12/18/2018
Gentoo,WISP,1,13:15,12/18/2018
Gentoo,UNSK,1,13:19,12/18/2018
Gentoo,GIPE,1,13:27,12/18/2018
Gentoo,WISP,1,13:28,12/18/2018
Gentoo,WISP,1,13:35,12/18/2018
Gentoo,UNTE,2,13:40,12/18/2018
Gentoo,UNSK,1,13:43,12/18/2018
Gentoo,GEPE,10,13:49,12/18/2018
Gentoo,UNSK,1,13:49,12/18/2018
Gentoo,UNSK,1,14:03,12/18/2018
Gentoo,UNSK,1,14:05,12/18/2018
Gentoo,GEPE,4,14:09,12/18/2018
Gentoo,GIPE,1,14:17,12/18/2018
Gentoo,UNSK,1,14:35,12/18/2018
Gentoo,UNSK,1,14:38,12/18/2018
Gentoo,UNSK,1,14:43,12/18/2018
Gentoo,GEPE,3,14:51,12/18/2018
Gentoo,GEPE,1,14:53,12/18/2018
Gentoo,UNSK,1,15:01,12/18/2018
Gentoo,HUWH,2,11:15,1/4/2019
Gentoo,GEPE,1,11:19,1/4/2019
Gentoo,WISP,1,11:24,1/4/2019
Gentoo,GEPE,6,11:44,1/4/2019
Gentoo,GEPE,1,11:52,1/4/2019
Gentoo,GEPE,5,12:01,1/4/2019
Gentoo,GEPE,15,12:12,1/4/2019
Gentoo,UNSK,1,12:39,1/4/2019
Gentoo,SOFU,1,12:52,1/4/2019
Gentoo,UNSK,1,13:00,1/4/2019
Gentoo,UNSK,1,13:03,1/4/2019
Gentoo,WISP,1,13:05,1/4/2019
Gentoo,WISP,1,13:07,1/4/2019
Gentoo,UNSK,1,13:09,1/4/2019
Gentoo,UNSK,1,13:11,1/4/2019
Gentoo,UNSK,1,13:12,1/4/2019
Gentoo,GEPE,2,13:14,1/4/2019
Gentoo,UNSK,1,13:21,1/4/2019
Gentoo,UNSK,1,13:23,1/4/2019
Gentoo,UNTE,1,13:23,1/4/2019
Gentoo,WISP,1,13:28,1/4/2019
Gentoo,UNSK,1,13:33,1/4/2019
Gentoo,UNSK,1,13:35,1/4/2019
Gentoo,GEPE,3,13:38,1/4/2019
Gentoo,UNPE,2,13:39,1/4/2019
Gentoo,WISP,1,13:42,1/4/2019
Gentoo,UNPE,5,13:43,1/4/2019
Gentoo,UNPE,4,13:46,1/4/2019
Gentoo,ADPE,2,13:48,1/4/2019
Gentoo,UNSK,1,13:48,1/4/2019
Gentoo,UNSK,1,13:53,1/4/2019
Gentoo,UNTE,2,13:53,1/4/2019
Gentoo,GEPE,3,13:58,1/4/2019
Gentoo,UNSK,1,14:17,1/4/2019
Gentoo,UNPE,4,14:42,1/4/2019
Gentoo,UNSK,1,14:48,1/4/2019
Gentoo,UNTE,2,14:53,1/4/2019
Gentoo,UNPE,1,14:57,1/4/2019
Gentoo,UNSK,1,14:57,1/4/2019
Gentoo,GEPE,15,15:04,1/4/2019
Gentoo,CRSE,2,15:04,1/4/2019
Gentoo,LESE,1,15:08,1/4/2019
Gentoo,GEPE,8,15:08,1/4/2019
Gentoo,GEPE,1,15:11,1/4/2019
Gentoo,GEPE,4,15:11,1/4/2019
Gentoo,GEPE,2,15:16,1/4/2019
Gentoo,HUWH,2,9:54,1/8/2019
Gentoo,WISP,1,10:42,1/8/2019
Gentoo,GEPE,2,10:43,1/8/2019
Gentoo,UNSK,2,10:49,1/8/2019
Gentoo,WISP,1,10:55,1/8/2019
Gentoo,UNSK,1,10:55,1/8/2019
Gentoo,GEPE,1,10:56,1/8/2019
Gentoo,GEPE,3,11:06,1/8/2019
Gentoo,WISP,1,11:07,1/8/2019
Gentoo,UNSK,1,11:07,1/8/2019
Gentoo,GEPE,20,11:08,1/8/2019
Gentoo,UNSK,2,11:12,1/8/2019
Gentoo,GEPE,10,11:17,1/8/2019
Gentoo,UNSK,1,11:19,1/8/2019
Gentoo,GIPE,1,11:26,1/8/2019
Gentoo,WISP,1,11:26,1/8/2019
Gentoo,GEPE,1,11:27,1/8/2019
Gentoo,GEPE,2,11:30,1/8/2019
Gentoo,UNSK,1,11:30,1/8/2019
Gentoo,UNSK,1,11:32,1/8/2019
Gentoo,UNSK,1,11:47,1/8/2019
Gentoo,GEPE,1,11:51,1/8/2019
Gentoo,ADPE,3,11:53,1/8/2019
Gentoo,HUWH,5,11:53,1/8/2019
Gentoo,ADPE,20,12:04,1/8/2019
Gentoo,GEPE,10,12:43,1/8/2019
Gentoo,ADPE,15,12:47,1/8/2019
Gentoo,GIPE,1,13:15,1/8/2019
Gentoo,WISP,1,13:19,1/8/2019
Gentoo,UNPE,1,13:19,1/8/2019
Gentoo,UNSK,1,13:22,1/8/2019
Gentoo,UNPE,1,13:53,1/8/2019
Gentoo,UNSK,1,13:36,1/8/2019
Gentoo,GEPE,1,13:56,1/8/2019
Gentoo,GEPE,1,14:00,1/8/2019
Gentoo,UNSK,1,14:03,1/8/2019
Gentoo,GEPE,2,14:06,1/8/2019
Gentoo,WISP,1,14:07,1/8/2019
Gentoo,UNSK,1,14:11,1/8/2019
Gentoo,WISP,1,14:16,1/8/2019
Gentoo,GIPE,1,14:20,1/8/2019
Gentoo,UNPE,5,14:21,1/8/2019
Gentoo,GIPE,1,14:23,1/8/2019
Gentoo,UNSK,1,14:29,1/8/2019
Gentoo,WISP,1,14:32,1/8/2019
Gentoo,HUWH,1,14:34,1/8/2019
Gentoo,UNSK,1,15:02,1/8/2019
Gentoo,KEGU,4,15:02,1/8/2019
Gentoo,UNSK,1,15:07,1/8/2019
Gentoo,WISP,1,15:09,1/8/2019
Gentoo,UNPE,2,15:15,1/8/2019
Gentoo,GEPE,1,15:18,1/8/2019
Gentoo,UNPE,3,15:22,1/8/2019
Gentoo,WISP,2,15:22,1/8/2019
Gentoo,UNPE,5,15:22,1/8/2019
Gentoo,UNPE,4,15:25,1/8/2019
Gentoo,BESH,6,15:29,1/8/2019
Gentoo,UNPE,3,15:29,1/8/2019
Gentoo,UNPE,2,15:31,1/8/2019
Gentoo,HUWH,3,11:36,1/15/2019
Gentoo,HUWH,3,11:38,1/15/2019
Gentoo,ADPE,5,11:48,1/15/2019
Gentoo,GEPE,8,11:49,1/15/2019
Gentoo,GEPE,4,11:49,1/15/2019
Gentoo,GEPE,3,11:52,1/15/2019
Gentoo,GEPE,12,11:56,1/15/2019
Gentoo,GEPE,4,11:59,1/15/2019
Gentoo,WISP,1,12:04,1/15/2019
Gentoo,UNPE,10,12:09,1/15/2019
Gentoo,UNPE,10,12:09,1/15/2019
Gentoo,GEPE,3,12:15,1/15/2019
Gentoo,UNSK,1,12:15,1/15/2019
Gentoo,UNSK,2,12:19,1/15/2019
Gentoo,GEPE,7,12:19,1/15/2019
Gentoo,HUWH,7,12:23,1/15/2019
Gentoo,WISP,1,12:27,1/15/2019
Gentoo,WISP,2,12:29,1/15/2019
Gentoo,UNSK,1,12:29,1/15/2019
Gentoo,GEPE,3,12:31,1/15/2019
Gentoo,UNSK,1,12:31,1/15/2019
Gentoo,GIPE,1,12:33,1/15/2019
Gentoo,UNSK,1,12:34,1/15/2019
Gentoo,GEPE,1,12:38,1/15/2019
Gentoo,WISP,2,12:42,1/15/2019
Gentoo,GEPE,5,12:48,1/15/2019
Gentoo,UNPE,1,12:51,1/15/2019
Gentoo,WISP,2,12:58,1/15/2019
Gentoo,UNPE,2,13:09,1/15/2019
Gentoo,HUWH,1,13:15,1/15/2019
Gentoo,UNSK,1,13:19,1/15/2019
Gentoo,UNPE,1,13:22,1/15/2019
Gentoo,HUWH,1,13:22,1/15/2019
Gentoo,GEPE,2,13:22,1/15/2019
Gentoo,ADPE,1,13:22,1/15/2019
Gentoo,GEPE,2,13:22,1/15/2019
Gentoo,GIPE,1,13:35,1/15/2019
Gentoo,GEPE,1,13:42,1/15/2019
Gentoo,UNSK,2,13:43,1/15/2019
Gentoo,GEPE,1,13:48,1/15/2019
Gentoo,UNSK,1,13:57,1/15/2019
Gentoo,WISP,1,13:58,1/15/2019
Gentoo,GIPE,1,14:14,1/15/2019
Gentoo,HUWH,1,14:15,1/15/2019
Gentoo,GIPE,1,14:19,1/15/2019
Gentoo,UNSK,1,14:24,1/15/2019
Gentoo,UNSK,1,14:25,1/15/2019
Gentoo,GEPE,3,14:25,1/15/2019
Gentoo,UNSK,1,14:27,1/15/2019
Gentoo,GEPE,3,14:31,1/15/2019
Gentoo,GEPE,2,14:34,1/15/2019
Gentoo,UNSK,1,14:35,1/15/2019
Gentoo,WISP,1,14:35,1/15/2019
Gentoo,HUWH,1,14:38,1/15/2019
Gentoo,WISP,1,14:47,1/15/2019
Gentoo,UNSK,1,15:03,1/15/2019
Gentoo,HUWH,2,15:04,1/15/2019
Gentoo,HUWH,2,15:07,1/15/2019
Gentoo,UNSK,1,15:12,1/15/2019
Gentoo,UNSK,1,15:19,1/15/2019
Gentoo,HUWH,4,15:19,1/15/2019
Gentoo,GIPE,1,15:19,1/15/2019
Gentoo,GEPE,10,15:19,1/15/2019
Gentoo,UNSK,6,15:19,1/15/2019
Gentoo,GEPE,1,15:24,1/15/2019
Gentoo,UNSK,2,15:26,1/15/2019
Gentoo,UNSK,1,15:28,1/15/2019
Gentoo,GEPE,8,15:33,1/15/2019
Gentoo,UNPE,1,15:34,1/15/2019
Gentoo,UNPE,7,15:36,1/15/2019
Gentoo,WISP,1,15:37,1/15/2019
Gentoo,UNPE,1,15:40,1/15/2019
Gentoo,UNSK,,15:40,1/15/2019
Gentoo,GEPE,1,15:42,1/15/2019
Gentoo,GEPE,6,15:43,1/15/2019
Gentoo,WISP,1,15:43,1/15/2019
Gentoo,GEPE,5,15:44,1/15/2019
Gentoo,WISP,1,15:45,1/15/2019
Gentoo,GEPE,4,15:46,1/15/2019
Gentoo,GEPE,5,15:47,1/15/2019
Gentoo,WISP,1,15:47,1/15/2019
Gentoo,GEPE,25,15:49,1/15/2019
Gentoo,GEPE,4,15:50,1/15/2019
Gentoo,UNPE,3,15:52,1/15/2019
Gentoo,UNPE,3,15:54,1/15/2019
Gentoo,GIPE,3,15:54,1/15/2019
Gentoo,GEPE,6,15:58,1/15/2019
Gentoo,GEPE,4,16:00,1/15/2019
Adelie,HUWH,1,9:47,1/19/2019
Adelie,HUWH,5,10:56,1/19/2019
Adelie,UNSK,1,11:03,1/19/2019
Adelie,GIPE,1,11:22,1/19/2019
Adelie,UNSK,1,11:56,1/19/2019
Adelie,GIPE,1,12:00,1/19/2019
Adelie,UNSK,1,12:05,1/19/2019
Adelie,UNSK,1,12:29,1/19/2019
Adelie,WISP,1,13:17,1/19/2019
Adelie,HUWH,1,13:31,1/19/2019
Adelie,HUWH,4,13:34,1/19/2019
Adelie,WISP,1,13:56,1/19/2019
Adelie,UNSK,1,14:00,1/19/2019
Adelie,WISP,1,14:15,1/19/2019
Adelie,UNSK,1,14:17,1/19/2019
Adelie,UNSK,1,14:20,1/19/2019
Adelie,UNSK,1,14:25,1/19/2019
Adelie,WISP,1,14:30,1/19/2019
Adelie,WISP,1,14:31,1/19/2019
Adelie,UNSK,1,14:42,1/19/2019
Adelie,WISP,1,14:42,1/19/2019
Adelie,UNSK,1,14:46,1/19/2019
Adelie,HUWH,2,14:54,1/19/2019
Adelie,UNSK,1,14:54,1/19/2019
Adelie,UNSK,3,15:04,1/19/2019
Adelie,HUWH,2,10:21,1/23/2019
Adelie,GIPE,1,10:38,1/23/2019
Adelie,WISP,1,11:23,1/23/2019
Adelie,UNSK,1,11:30,1/23/2019
Adelie,UNSK,1,11:39,1/23/2019
Adelie,GIPE,1,11:47,1/23/2019
Adelie,UNSK,1,11:49,1/23/2019
Adelie,UNSK,1,11:51,1/23/2019
Adelie,UNSK,1,11:55,1/23/2019
Adelie,UNSK,1,12:04,1/23/2019
Adelie,GIPE,1,12:06,1/23/2019
Adelie,WISP,1,12:07,1/23/2019
Adelie,UNSK,1,12:08,1/23/2019
Adelie,WISP,1,12:14,1/23/2019
Adelie,ADPE,1,12:25,1/23/2019
Adelie,GIPE,1,12:27,1/23/2019
Adelie,UNSK,1,12:44,1/23/2019
Adelie,HUWH,2,13:13,1/23/2019
Adelie,HUWH,3,13:17,1/23/2019
Adelie,WISP,1,13:21,1/23/2019
Adelie,UNSK,1,13:23,1/23/2019
Adelie,HUWH,2,13:31,1/23/2019
Adelie,UNPE,1,13:33,1/23/2019
Adelie,WISP,1,14:01,1/23/2019
Adelie,HUWH,2,14:11,1/23/2019
Adelie,WISP,1,14:14,1/23/2019
Adelie,WISP,1,14:18,1/23/2019
Adelie,WISP,1,14:25,1/23/2019
Adelie,UNSK,1,14:33,1/23/2019
Adelie,HUWH,2,15:14,1/23/2019
Adelie,WISP,1,15:27,1/23/2019
Gentoo,WISP,1,10:26,1/26/2019
Gentoo,UNSK,1,10:33,1/26/2019
Gentoo,UNPE,1,10:50,1/26/2019
Gentoo,WISP,1,10:50,1/26/2019
Gentoo,UNSK,1,10:54,1/26/2019
Gentoo,GEPE,2,10:54,1/26/2019
Gentoo,GEPE,1,10:56,1/26/2019
Gentoo,UNSK,1,11:13,1/26/2019
Gentoo,UNSK,1,11:16,1/26/2019
Gentoo,UNPE,1,11:18,1/26/2019
Gentoo,GEPE,6,11:20,1/26/2019
Gentoo,ADPE,1,11:20,1/26/2019
Gentoo,UNPE,1,11:20,1/26/2019
Gentoo,UNSK,1,11:23,1/26/2019
Gentoo,WISP,1,11:23,1/26/2019
Gentoo,ADPE,2,11:23,1/26/2019
Gentoo,UNSK,1,11:34,1/26/2019
Gentoo,WISP,1,11:55,1/26/2019
Gentoo,ADPE,1,11:56,1/26/2019
Gentoo,UNPE,1,11:56,1/26/2019
Gentoo,WISP,1,12:00,1/26/2019
Gentoo,GEPE,2,12:07,1/26/2019
Gentoo,WISP,1,12:17,1/26/2019
Gentoo,UNSK,1,12:17,1/26/2019
Gentoo,UNPE,2,12:22,1/26/2019
Gentoo,HUWH,1,12:22,1/26/2019
Gentoo,WISP,1,12:31,1/26/2019
Gentoo,GEPE,1,12:33,1/26/2019
Gentoo,UNSK,1,12:34,1/26/2019
Gentoo,UNSK,1,12:34,1/26/2019
Gentoo,UNPE,2,12:53,1/26/2019
Gentoo,GEPE,1,13:01,1/26/2019
Gentoo,UNSK,1,13:22,1/26/2019
Gentoo,GEPE,1,13:23,1/26/2019
Gentoo,WISP,1,13:24,1/26/2019
Gentoo,WISP,1,13:25,1/26/2019
Gentoo,GEPE,1,13:28,1/26/2019
Gentoo,GEPE,1,13:28,1/26/2019
Gentoo,ADPE,1,13:30,1/26/2019
Gentoo,UNSK,1,13:32,1/26/2019
Gentoo,UNSK,1,13:34,1/26/2019
Gentoo,UNSK,1,13:36,1/26/2019
Gentoo,UNSK,1,13:41,1/26/2019
Gentoo,GEPE,1,13:41,1/26/2019
Gentoo,UNSK,1,13:45,1/26/2019
Gentoo,GEPE,1,13:49,1/26/2019
Gentoo,WISP,1,13:59,1/26/2019
Gentoo,HUWH,2,14:01,1/26/2019
Gentoo,WISP,1,14:01,1/26/2019
Gentoo,GEPE,3,10:43,1/29/2019
Gentoo,GEPE,6,10:45,1/29/2019
Gentoo,GEPE,3,10:49,1/29/2019
Gentoo,UNPE,20,10:54,1/29/2019
Gentoo,UNPE,10,10:57,1/29/2019
Gentoo,GEPE,15,10:57,1/29/2019
Gentoo,GEPE,12,10:59,1/29/2019
Gentoo,GEPE,8,10:59,1/29/2019
Gentoo,WISP,1,11:05,1/29/2019
Gentoo,GEPE,8,11:05,1/29/2019
Gentoo,WISP,1,11:08,1/29/2019
Gentoo,GEPE,10,11:08,1/29/2019
Gentoo,WISP,1,11:15,1/29/2019
Gentoo,HUWH,1,11:18,1/29/2019
Gentoo,GIPE,1,11:18,1/29/2019
Gentoo,UNSK,1,11:23,1/29/2019
Gentoo,GEPE,8,11:23,1/29/2019
Gentoo,GEPE,6,11:27,1/29/2019
Gentoo,HUWH,1,11:28,1/29/2019
Gentoo,WISP,1,11:30,1/29/2019
Gentoo,UNSK,1,11:31,1/29/2019
Gentoo,GEPE,8,11:34,1/29/2019
Gentoo,HUWH,1,11:35,1/29/2019
Gentoo,GEPE,8,11:35,1/29/2019
Gentoo,UNTE,1,11:35,1/29/2019
Gentoo,HUWH,2,11:37,1/29/2019
Gentoo,HUWH,4,11:38,1/29/2019
Gentoo,UNSK,1,11:38,1/29/2019
Gentoo,UNPE,1,11:40,1/29/2019
Gentoo,WISP,1,11:44,1/29/2019
Gentoo,UNTE,1,11:44,1/29/2019
Gentoo,GEPE,2,11:44,1/29/2019
Gentoo,WISP,1,12:07,1/29/2019
Gentoo,HUWH,1,12:09,1/29/2019
Gentoo,WISP,1,12:09,1/29/2019
Gentoo,GEPE,2,12:15,1/29/2019
Gentoo,WISP,2,12:21,1/29/2019
Gentoo,GEPE,8,12:23,1/29/2019
Gentoo,GEPE,1,12:23,1/29/2019
Gentoo,GIPE,1,12:27,1/29/2019
Gentoo,UNPE,2,12:28,1/29/2019
Gentoo,UNPE,5,12:37,1/29/2019
Gentoo,WISP,1,12:38,1/29/2019
Gentoo,GIPE,1,12:41,1/29/2019
Gentoo,GEPE,5,12:41,1/29/2019
Gentoo,HUWH,2,12:44,1/29/2019
Gentoo,GEPE,2,12:45,1/29/2019
Gentoo,GEPE,1,12:47,1/29/2019
Gentoo,GEPE,2,12:55,1/29/2019
Gentoo,UNSK,2,12:56,1/29/2019
Gentoo,UNSK,1,13:00,1/29/2019
Gentoo,WISP,1,13:00,1/29/2019
Gentoo,GEPE,5,13:07,1/29/2019
Gentoo,WISP,1,13:07,1/29/2019
Gentoo,UNSK,1,13:07,1/29/2019
Gentoo,UNPE,18,13:07,1/29/2019
Gentoo,WISP,1,13:10,1/29/2019
Gentoo,UNSK,3,13:14,1/29/2019
Gentoo,GEPE,1,13:14,1/29/2019
Gentoo,UNPE,3,13:17,1/29/2019
Gentoo,UNSK,1,13:20,1/29/2019
Gentoo,UNSK,2,13:20,1/29/2019
Gentoo,WISP,1,13:20,1/29/2019
Gentoo,UNPE,2,13:22,1/29/2019
Gentoo,HUWH,1,13:22,1/29/2019
Gentoo,UNPE,1,13:25,1/29/2019
Gentoo,WISP,1,13:25,1/29/2019
Gentoo,GEPE,2,13:27,1/29/2019
Gentoo,GEPE,6,13:30,1/29/2019
Gentoo,WISP,1,13:31,1/29/2019
Gentoo,UNPE,7,13:31,1/29/2019
Gentoo,GEPE,4,13:31,1/29/2019
Gentoo,UNPE,3,13:34,1/29/2019
Gentoo,WISP,1,13:35,1/29/2019
Gentoo,WISP,1,13:36,1/29/2019
Gentoo,GEPE,1,13:38,1/29/2019
Gentoo,WISP,1,13:39,1/29/2019
Gentoo,GEPE,4,13:39,1/29/2019
Gentoo,GEPE,5,13:42,1/29/2019
Gentoo,UNSK,1,13:43,1/29/2019
Gentoo,GEPE,1,13:43,1/29/2019
Gentoo,GEPE,6,13:44,1/29/2019
Gentoo,GEPE,2,13:44,1/29/2019
Gentoo,UNSK,1,13:46,1/29/2019
Gentoo,GEPE,1,13:47,1/29/2019
Gentoo,GEPE,2,13:47,1/29/2019
Gentoo,GIPE,1,13:48,1/29/2019
Gentoo,GEPE,1,13:51,1/29/2019
Gentoo,ADPE,1,13:51,1/29/2019
Gentoo,UNSK,1,13:51,1/29/2019
Gentoo,UNSK,2,13:53,1/29/2019
Gentoo,GEPE,3,13:55,1/29/2019
Gentoo,UNPE,10,13:57,1/29/2019
Gentoo,WISP,1,13:58,1/29/2019
Gentoo,UNSK,2,14:04,1/29/2019
Gentoo,GEPE,7,14:06,1/29/2019
Gentoo,GEPE,3,14:07,1/29/2019
Gentoo,UNSK,2,14:11,1/29/2019
Gentoo,UNSK,1,14:13,1/29/2019
Gentoo,GEPE,1,14:17,1/29/2019
Gentoo,UNSK,1,14:18,1/29/2019
Gentoo,UNPE,1,14:20,1/29/2019
Gentoo,UNSK,2,14:21,1/29/2019
Gentoo,MIWH,1,14:24,1/29/2019
Gentoo,GEPE,13,14:27,1/29/2019
Gentoo,ADPE,2,14:27,1/29/2019
Gentoo,GEPE,15,14:27,1/29/2019
Gentoo,WISP,1,14:27,1/29/2019
Gentoo,GEPE,4,14:30,1/29/2019
Gentoo,UNSK,1,14:31,1/29/2019
Gentoo,GEPE,25,14:33,1/29/2019
Gentoo,UNSK,1,14:36,1/29/2019
Gentoo,GEPE,3,14:37,1/29/2019
Gentoo,GEPE,1,14:37,1/29/2019
Gentoo,ADPE,1,14:37,1/29/2019
Gentoo,UNSK,1,14:40,1/29/2019
Gentoo,UNPE,3,14:42,1/29/2019
Gentoo,UNSK,2,14:44,1/29/2019
Gentoo,GIPE,1,14:44,1/29/2019
Gentoo,WISP,1,14:44,1/29/2019
Gentoo,GIPE,1,14:46,1/29/2019
Gentoo,WISP,19,14:46,1/29/2019
Gentoo,UNSK,1,14:46,1/29/2019
Gentoo,WISP,1,14:49,1/29/2019
Gentoo,GEPE,2,14:49,1/29/2019
Gentoo,GEPE,8,14:51,1/29/2019
Gentoo,UNSK,1,14:51,1/29/2019
Gentoo,UNSK,2,14:53,1/29/2019
Gentoo,GEPE,8,14:55,1/29/2019
Gentoo,UNSK,1,14:55,1/29/2019
Gentoo,GEPE,2,14:57,1/29/2019
Gentoo,ADPE,1,14:58,1/29/2019
Gentoo,GEPE,5,14:58,1/29/2019
Gentoo,UNPE,4,14:59,1/29/2019
Gentoo,UNPE,2,14:59,1/29/2019
Gentoo,UNPE,1,15:00,1/29/2019
Gentoo,UNPE,8,15:01,1/29/2019
Gentoo,GEPE,3,15:03,1/29/2019
Gentoo,GEPE,2,15:03,1/29/2019
Gentoo,GEPE,2,15:04,1/29/2019
Gentoo,UNPE,1,15:06,1/29/2019
Gentoo,GEPE,1,15:06,1/29/2019
Gentoo,WISP,1,15:09,1/29/2019
Gentoo,GEPE,1,15:09,1/29/2019
Gentoo,GEPE,2,15:11,1/29/2019
Gentoo,GEPE,1,15:11,1/29/2019
Adelie,HUWH,9,10:11,1/30/2019
Adelie,UNSK,1,11:47,1/30/2019
Adelie,WISP,1,11:59,1/30/2019
Adelie,GEPE,1,12:10,1/30/2019
Adelie,GIPE,1,12:13,1/30/2019
Adelie,WISP,2,12:13,1/30/2019
Adelie,ADPE,1,12:15,1/30/2019
Adelie,WISP,2,12:15,1/30/2019
Adelie,GIPE,2,12:18,1/30/2019
Adelie,GEPE,4,12:20,1/30/2019
Adelie,WISP,3,12:20,1/30/2019
Adelie,WISP,1,12:22,1/30/2019
Adelie,UNPE,3,12:25,1/30/2019
Adelie,UNSK,1,12:26,1/30/2019
Adelie,WISP,1,12:26,1/30/2019
Adelie,ADPE,3,12:26,1/30/2019
Adelie,UNPE,1,12:29,1/30/2019
Adelie,UNSK,1,12:29,1/30/2019
Adelie,WISP,1,12:30,1/30/2019
Adelie,WISP,1,12:31,1/30/2019
Adelie,ADPE,1,12:31,1/30/2019
Adelie,UNSK,1,12:31,1/30/2019
Adelie,WISP,1,12:33,1/30/2019
Adelie,UNTE,1,12:35,1/30/2019
Adelie,WISP,1,12:35,1/30/2019
Adelie,HUWH,1,12:39,1/30/2019
Adelie,UNSK,1,12:39,1/30/2019
Adelie,WISP,1,12:39,1/30/2019
Adelie,HUWH,2,12:43,1/30/2019
Adelie,WISP,1,12:46,1/30/2019
Adelie,UNSK,1,12:54,1/30/2019
Adelie,WISP,1,12:57,1/30/2019
Adelie,UNSK,1,12:57,1/30/2019
Adelie,ADPE,1,12:57,1/30/2019
Adelie,UNSK,1,13:02,1/30/2019
Adelie,ADPE,3,13:06,1/30/2019
Adelie,UNPE,2,13:08,1/30/2019
Adelie,KEGU,1,13:08,1/30/2019
Adelie,WISP,1,13:11,1/30/2019
Adelie,WISP,1,13:13,1/30/2019
Adelie,UNPE,7,13:16,1/30/2019
Adelie,WISP,1,13:17,1/30/2019
Adelie,UNTE,1,13:19,1/30/2019
Adelie,UNSK,1,13:19,1/30/2019
Adelie,UNPE,3,13:20,1/30/2019
Adelie,UNPE,1,13:21,1/30/2019
Adelie,UNSK,1,13:23,1/30/2019
Adelie,WISP,1,13:23,1/30/2019
Adelie,WISP,1,13:26,1/30/2019
Adelie,UNPE,2,13:28,1/30/2019
Adelie,WISP,1,13:31,1/30/2019
Adelie,HUWH,2,13:37,1/30/2019
Adelie,WISP,1,13:38,1/30/2019
Adelie,UNSK,2,13:41,1/30/2019
Adelie,UNSK,1,13:41,1/30/2019
Adelie,UNSK,1,13:43,1/30/2019
Adelie,UNPE,4,13:47,1/30/2019
Adelie,UNSK,1,13:54,1/30/2019
Adelie,GEPE,6,13:55,1/30/2019
Adelie,UNSK,1,13:56,1/30/2019
Adelie,UNPE,1,13:58,1/30/2019
Adelie,ADPE,1,13:59,1/30/2019
Adelie,UNSK,1,14:01,1/30/2019
Adelie,UNPE,2,14:02,1/30/2019
Adelie,GEPE,3,14:04,1/30/2019
Adelie,UNSK,1,14:08,1/30/2019
Adelie,WISP,3,14:14,1/30/2019
Adelie,WISP,1,14:16,1/30/2019
Adelie,UNSK,1,14:17,1/30/2019
Adelie,WISP,1,14:19,1/30/2019
Adelie,UNSK,1,14:20,1/30/2019
Adelie,WISP,1,14:22,1/30/2019
Adelie,WISP,1,14:27,1/30/2019
Adelie,WISP,1,14:40,1/30/2019
Adelie,WISP,1,14:44,1/30/2019
Adelie,GIPE,1,14:46,1/30/2019
Adelie,HUWH,2,14:56,1/30/2019
Adelie,ADPE,2,14:57,1/30/2019
Adelie,WISP,1,14:57,1/30/2019
Adelie,CHPE,1,14:58,1/30/2019
Adelie,WISP,1,14:59,1/30/2019
Adelie,WISP,2,15:03,1/30/2019
Adelie,UNSK,1,15:14,1/30/2019
Adelie,UNSK,1,15:24,1/30/2019
Adelie,WISP,1,15:24,1/30/2019
Adelie,WISP,1,15:25,1/30/2019
Adelie,UNSK,1,15:28,1/30/2019
Adelie,UNSK,1,15:37,1/30/2019
Adelie,GIPE,1,15:37,1/30/2019
Adelie,UNSK,1,15:36,1/30/2019
Gentoo,GIPE,1,10:43,2/2/2019
Gentoo,UNSK,1,10:50,2/2/2019
Gentoo,WISP,1,10:57,2/2/2019
Gentoo,UNSK,1,11:02,2/2/2019
Gentoo,UNSK,2,11:05,2/2/2019
Gentoo,HUWH,5,11:14,2/2/2019
Gentoo,GEPE,1,11:22,2/2/2019
Gentoo,BESH,1,11:29,2/2/2019
Gentoo,HUWH,2,11:36,2/2/2019
Gentoo,UNPE,4,11:40,2/2/2019
Gentoo,GIPE,1,11:49,2/2/2019
Gentoo,GEPE,4,11:59,2/2/2019
Gentoo,UNSK,2,12:02,2/2/2019
Gentoo,UNSK,1,12:05,2/2/2019
Gentoo,GEPE,5,12:10,2/2/2019
Gentoo,GEPE,2,12:23,2/2/2019
Gentoo,WISP,1,12:23,2/2/2019
Gentoo,GEPE,3,12:30,2/2/2019
Gentoo,UNPE,8,12:31,2/2/2019
Gentoo,UNPE,1,12:54,2/2/2019
Gentoo,UNPE,1,13:17,2/2/2019
Gentoo,GEPE,2,13:25,2/2/2019
Gentoo,UNSK,1,13:29,2/2/2019
Gentoo,HUWH,2,13:30,2/2/2019
Gentoo,UNSK,1,13:31,2/2/2019
Gentoo,HUWH,2,13:39,2/2/2019
Gentoo,UNSK,1,13:43,2/2/2019
Gentoo,GIPE,1,13:52,2/2/2019
Gentoo,GEPE,10,14:00,2/2/2019
Gentoo,UNSK,2,14:10,2/2/2019
Gentoo,GEPE,1,14:15,2/2/2019
Gentoo,GEPE,1,14:17,2/2/2019
Gentoo,GEPE,1,14:31,2/2/2019
Gentoo,UNPE,1,14:31,2/2/2019
Gentoo,GEPE,2,14:34,2/2/2019
Gentoo,GEPE,1,14:38,2/2/2019
Gentoo,UNPE,1,14:43,2/2/2019
Gentoo,HUWH,1,14:46,2/2/2019
Gentoo,GEPE,2,14:51,2/2/2019
Gentoo,HUWH,1,15:02,2/2/2019
Gentoo,GIPE,1,15:07,2/2/2019
Adelie,WISP,1,11:03,2/5/2019
Adelie,WISP,1,11:11,2/5/2019
Adelie,UNSK,1,11:12,2/5/2019
Adelie,UNPE,2,11:13,2/5/2019
Adelie,UNSK,1,11:16,2/5/2019
Adelie,UNSK,1,11:18,2/5/2019
Adelie,GEPE,1,11:24,2/5/2019
Adelie,WISP,1,11:25,2/5/2019
Adelie,GEPE,1,11:36,2/5/2019
Adelie,UNSK,1,11:38,2/5/2019
Adelie,GIPE,1,11:42,2/5/2019
Adelie,UNPE,3,11:42,2/5/2019
Adelie,WISP,1,11:44,2/5/2019
Adelie,UNSK,2,11:44,2/5/2019
Adelie,UNPE,1,11:48,2/5/2019
Adelie,GEPE,1,11:51,2/5/2019
Adelie,WISP,1,11:51,2/5/2019
Adelie,UNSK,1,11:51,2/5/2019
Adelie,UNSK,1,11:57,2/5/2019
Adelie,GEPE,1,11:57,2/5/2019
Adelie,UNSK,1,12:00,2/5/2019
Adelie,GIPE,1,12:04,2/5/2019
Adelie,WISP,1,12:04,2/5/2019
Adelie,GEPE,1,12:06,2/5/2019
Adelie,WISP,1,12:07,2/5/2019
Adelie,UNSK,1,12:10,2/5/2019
Adelie,UNPE,1,12:13,2/5/2019
Adelie,WISP,1,12:21,2/5/2019
Adelie,WISP,1,12:31,2/5/2019
Adelie,WISP,1,12:50,2/5/2019
Adelie,UNPE,1,13:04,2/5/2019
Adelie,UNSK,1,13:08,2/5/2019
Adelie,UNSK,1,13:11,2/5/2019
Adelie,WISP,1,13:11,2/5/2019
Adelie,UNSK,1,13:19,2/5/2019
Adelie,FUSE,1,13:26,2/5/2019
Adelie,UNSK,1,13:27,2/5/2019
Adelie,GIPE,1,13:28,2/5/2019
Adelie,GEPE,6,13:33,2/5/2019
Adelie,UNSK,1,13:33,2/5/2019
Adelie,KEGU,2,13:37,2/5/2019
Adelie,GEPE,8,13:37,2/5/2019
Adelie,WISP,1,13:40,2/5/2019
Adelie,UNSK,1,13:40,2/5/2019
Adelie,GIPE,1,13:58,2/5/2019
Adelie,WISP,1,14:01,2/5/2019
Adelie,UNPE,3,14:04,2/5/2019
Adelie,GIPE,1,14:07,2/5/2019
Adelie,WISP,1,14:08,2/5/2019
Adelie,UNSK,1,14:08,2/5/2019
Adelie,UNSK,1,14:10,2/5/2019
Adelie,GIPE,1,14:12,2/5/2019
Adelie,GEPE,1,14:21,2/5/2019
Adelie,UNSK,1,14:23,2/5/2019
Adelie,WISP,1,14:26,2/5/2019
Adelie,WISP,1,14:27,2/5/2019
Adelie,WISP,1,14:29,2/5/2019
Adelie,GEPE,1,14:31,2/5/2019
Adelie,WISP,1,14:31,2/5/2019
Adelie,KEGU,3,14:36,2/5/2019
Adelie,HUWH,2,14:38,2/5/2019
Adelie,KEGU,1,14:38,2/5/2019
Adelie,WISP,1,14:42,2/5/2019
Adelie,GEPE,2,14:44,2/5/2019
Adelie,WISP,1,14:44,2/5/2019
Adelie,GIPE,1,15:01,2/5/2019
Adelie,UNSK,1,10:43,2/12/2019
Adelie,WISP,1,10:44,2/12/2019
Adelie,UNSK,1,10:45,2/12/2019
Adelie,UNSK,1,10:52,2/12/2019
Adelie,GIPE,1,10:54,2/12/2019
Adelie,WISP,1,11:11,2/12/2019
Adelie,WISP,1,11:13,2/12/2019
Adelie,UNSK,1,11:13,2/12/2019
Adelie,UNSK,1,11:26,2/12/2019
Adelie,UNSK,1,11:33,2/12/2019
Adelie,WISP,1,12:01,2/12/2019
Adelie,UNSK,1,12:04,2/12/2019
Adelie,UNSK,1,12:29,2/12/2019
Adelie,WISP,1,12:29,2/12/2019
Adelie,WISP,1,12:35,2/12/2019
Adelie,WISP,1,12:52,2/12/2019
Adelie,UNSK,1,13:11,2/12/2019
Adelie,WISP,1,13:19,2/12/2019
Adelie,UNSK,1,13:22,2/12/2019
Adelie,WISP,1,13:33,2/12/2019
Adelie,UNSK,2,13:38,2/12/2019
Adelie,GIPE,1,13:43,2/12/2019
Adelie,UNSK,3,13:47,2/12/2019
Adelie,WISP,1,14:07,2/12/2019
Adelie,WISP,1,14:11,2/12/2019
Adelie,UNSK,3,14:12,2/12/2019
Adelie,ADPE,6,14:15,2/12/2019
Adelie,WISP,1,,2/12/2019
Adelie,UNSK,5,14:17,2/12/2019
Adelie,UNSK,1,14:24,2/12/2019
Adelie,UNSK,1,14:28,2/12/2019
Adelie,ADPE,1,14:28,2/12/2019
Adelie,UNSK,1,14:31,2/12/2019
Adelie,UNSK,1,14:33,2/12/2019
Adelie,WISP,1,14:33,2/12/2019
Adelie,UNSK,1,14:35,2/12/2019
Adelie,UNSK,1,14:38,2/12/2019
Adelie,GIPE,1,14:43,2/12/2019
Adelie,WISP,1,14:45,2/12/2019
Adelie,ADPE,1,14:49,2/12/2019
Adelie,WISP,1,15:00,2/12/2019
Adelie,UNSK,1,15:15,2/12/2019
Adelie,UNPE,1,15:17,2/12/2019
Adelie,UNSK,1,15:18,2/12/2019
Adelie,UNSK,1,15:20,2/12/2019
Adelie,FUSE,1,15:21,2/12/2019
Adelie,GIPE,1,15:32,2/12/2019
Gentoo,WISP,1,11:16,2/13/2019
Gentoo,WISP,1,11:22,2/13/2019
Gentoo,WISP,1,11:25,2/13/2019
Gentoo,GEPE,10,11:31,2/13/2019
Gentoo,GIPE,1,11:34,2/13/2019
Gentoo,WISP,2,11:42,2/13/2019
Gentoo,UNSK,1,11:42,2/13/2019
Gentoo,WISP,1,11:59,2/13/2019
Gentoo,GIPE,1,11:59,2/13/2019
Gentoo,HUWH,1,12:04,2/13/2019
Gentoo,GEPE,1,12:07,2/13/2019
Gentoo,UNSK,1,12:10,2/13/2019
Gentoo,GIPE,1,12:47,2/13/2019
Gentoo,UNSK,1,12:47,2/13/2019
Gentoo,GEPE,1,12:51,2/13/2019
Gentoo,UNSK,1,12:54,2/13/2019
Gentoo,UNSK,1,12:54,2/13/2019
Gentoo,WISP,1,12:54,2/13/2019
Gentoo,UNSK,1,12:59,2/13/2019
Gentoo,HUWH,1,13:01,2/13/2019
Gentoo,UNSK,1,13:01,2/13/2019
Gentoo,UNSK,2,13:18,2/13/2019
Gentoo,GIPE,1,13:18,2/13/2019
Gentoo,GIPE,1,13:27,2/13/2019
Gentoo,UNSK,1,13:27,2/13/2019
Gentoo,GEPE,2,13:41,2/13/2019
Gentoo,UNPE,2,13:46,2/13/2019
Gentoo,UNSK,1,13:47,2/13/2019
Gentoo,UNSK,1,13:49,2/13/2019
Gentoo,ADPE,2,13:51,2/13/2019
Gentoo,WISP,1,13:51,2/13/2019
Gentoo,UNSK,1,14:00,2/13/2019
Gentoo,HUWH,1,14:00,2/13/2019
Gentoo,UNSK,1,14:07,2/13/2019
Gentoo,UNSK,1,14:14,2/13/2019
Gentoo,UNSK,1,14:19,2/13/2019
Gentoo,GEPE,2,14:29,2/13/2019
Gentoo,HUWH,2,14:39,2/13/2019
Gentoo,UNSK,1,14:43,2/13/2019
Gentoo,UNPE,3,15:01,2/13/2019
Adelie,WISP,1,10:46,2/19/2019
Adelie,GIPE,1,10:54,2/19/2019
Adelie,UNSK,1,10:54,2/19/2019
Adelie,UNSK,1,10:57,2/19/2019
Adelie,HUWH,1,11:01,2/19/2019
Adelie,WISP,1,11:05,2/19/2019
Adelie,GIPE,1,11:10,2/19/2019
Adelie,WISP,1,11:10,2/19/2019
Adelie,WISP,1,11:14,2/19/2019
Adelie,UNSK,1,11:17,2/19/2019
Adelie,UNSK,1,11:19,2/19/2019
Adelie,WISP,1,11:22,2/19/2019
Adelie,UNSK,1,11:32,2/19/2019
Adelie,FUSE,1,11:33,2/19/2019
Adelie,UNSK,1,11:48,2/19/2019
Adelie,WISP,1,11:55,2/19/2019
Adelie,UNSK,1,11:55,2/19/2019
Adelie,UNSK,1,11:59,2/19/2019
Adelie,WISP,1,12:08,2/19/2019
Adelie,UNSK,3,12:13,2/19/2019
Adelie,UNSK,1,12:22,2/19/2019
Adelie,UNSK,1,12:26,2/19/2019
Adelie,GEPE,8,12:30,2/19/2019
Adelie,HUWH,1,12:31,2/19/2019
Adelie,WISP,1,12:36,2/19/2019
Adelie,HUWH,1,12:36,2/19/2019
Adelie,WISP,2,13:02,2/19/2019
Adelie,UNSK,1,13:10,2/19/2019
Adelie,UNSK,1,13:14,2/19/2019
Adelie,UNSK,1,13:24,2/19/2019
Adelie,WISP,1,13:26,2/19/2019
Adelie,UNSK,1,13:30,2/19/2019
Adelie,UNSK,1,13:44,2/19/2019
Adelie,GIPE,1,13:46,2/19/2019
Adelie,WISP,1,13:46,2/19/2019
Adelie,WISP,1,13:57,2/19/2019
Adelie,UNSK,1,14:05,2/19/2019
Adelie,WISP,2,14:10,2/19/2019
Adelie,UNSK,1,14:23,2/19/2019
Adelie,UNSK,1,14:25,2/19/2019
Adelie,FUSE,1,14:29,2/19/2019
Adelie,UNSK,1,14:29,2/19/2019
Adelie,GIPE,1,14:34,2/19/2019
Adelie,UNSK,1,14:34,2/19/2019
Adelie,UNSK,1,14:41,2/19/2019
Adelie,FUSE,1,14:45,2/19/2019
Gentoo,UNSK,1,10:26,2/20/2019
Gentoo,WISP,1,10:41,2/20/2019
Gentoo,WISP,1,10:51,2/20/2019
Gentoo,WISP,1,11:04,2/20/2019
Gentoo,UNSK,1,11:15,2/20/2019
Gentoo,WISP,1,11:40,2/20/2019
Gentoo,WISP,1,11:46,2/20/2019
Gentoo,GEPE,2,12:04,2/20/2019
Gentoo,WISP,1,12:06,2/20/2019
Gentoo,GEPE,1,12:07,2/20/2019
Gentoo,WISP,1,12:09,2/20/2019
Gentoo,UNSK,1,12:09,2/20/2019
Gentoo,WISP,2,12:12,2/20/2019
Gentoo,HUWH,2,12:13,2/20/2019
Gentoo,GEPE,1,12:23,2/20/2019
Gentoo,GEPE,4,12:23,2/20/2019
Gentoo,GEPE,2,12:23,2/20/2019
Gentoo,WISP,1,12:25,2/20/2019
Gentoo,GEPE,3,12:31,2/20/2019
Gentoo,WISP,1,12:35,2/20/2019
Gentoo,UNSK,1,12:35,2/20/2019
Gentoo,GEPE,4,12:37,2/20/2019
Gentoo,GEPE,2,12:39,2/20/2019
Gentoo,GEPE,2,12:43,2/20/2019
Gentoo,WISP,1,12:44,2/20/2019
Gentoo,WISP,1,12:45,2/20/2019
Gentoo,UNSK,1,12:50,2/20/2019
Gentoo,GEPE,10,12:51,2/20/2019
Gentoo,GEPE,1,12:52,2/20/2019
Gentoo,GEPE,1,12:54,2/20/2019
Gentoo,GEPE,4,12:55,2/20/2019
Gentoo,GEPE,2,12:56,2/20/2019
Gentoo,GEPE,7,12:57,2/20/2019
Gentoo,UNSK,1,12:57,2/20/2019
Gentoo,UNSK,1,12:58,2/20/2019
Gentoo,GEPE,3,13:01,2/20/2019
Gentoo,WISP,1,13:07,2/20/2019
Gentoo,GEPE,3,13:13,2/20/2019
Gentoo,GEPE,3,13:17,2/20/2019
Gentoo,HUWH,2,13:17,2/20/2019
Gentoo,UNSK,2,13:18,2/20/2019
Gentoo,UNSK,1,13:25,2/20/2019
Gentoo,GEPE,4,13:25,2/20/2019
Gentoo,HUWH,4,13:29,2/20/2019
Gentoo,GEPE,2,13:50,2/20/2019
Gentoo,HUWH,1,13:51,2/20/2019
Gentoo,GEPE,6,13:52,2/20/2019
Gentoo,GEPE,2,13:54,2/20/2019
Gentoo,GEPE,1,13:55,2/20/2019
Gentoo,GEPE,2,13:57,2/20/2019
Gentoo,GEPE,5,13:58,2/20/2019
Gentoo,GEPE,10,13:59,2/20/2019
Gentoo,GEPE,7,14:01,2/20/2019
Gentoo,GEPE,6,14:01,2/20/2019
Gentoo,GEPE,9,14:01,2/20/2019
Gentoo,GEPE,3,14:02,2/20/2019
Gentoo,GEPE,2,14:02,2/20/2019
Gentoo,GEPE,12,14:02,2/20/2019
Gentoo,GEPE,2,14:03,2/20/2019
Gentoo,GEPE,6,14:04,2/20/2019
Gentoo,GEPE,4,14:06,2/20/2019
Gentoo,GEPE,1,14:07,2/20/2019
Gentoo,LESE,1,14:08,2/20/2019
Gentoo,GEPE,1,14:12,2/20/2019
Adelie,WISP,1,10:22,2/26/2019
Adelie,WISP,1,10:25,2/26/2019
Adelie,FUSE,1,10:31,2/26/2019
Adelie,GEPE,40,10:31,2/26/2019
Adelie,GEPE,3,10:33,2/26/2019
Adelie,WISP,1,10:34,2/26/2019
Adelie,GEPE,2,10:37,2/26/2019
Adelie,UNSK,1,10:41,2/26/2019
Adelie,GEPE,5,10:42,2/26/2019
Adelie,FUSE,1,10:43,2/26/2019
Adelie,FUSE,1,10:46,2/26/2019
Adelie,WISP,1,10:48,2/26/2019
Adelie,UNSK,1,10:49,2/26/2019
Adelie,GIPE,1,10:52,2/26/2019
Adelie,GEPE,12,10:52,2/26/2019
Adelie,WISP,1,10:53,2/26/2019
Adelie,CHPE,1,10:54,2/26/2019
Adelie,WISP,1,10:55,2/26/2019
Adelie,UNSK,1,10:56,2/26/2019
Adelie,WISP,2,10:59,2/26/2019
Adelie,WISP,1,11:03,2/26/2019
Adelie,UNSK,1,11:05,2/26/2019
Adelie,GIPE,1,11:07,2/26/2019
Adelie,WISP,1,11:08,2/26/2019
Adelie,UNSK,1,11:12,2/26/2019
Adelie,CHPE,2,11:16,2/26/2019
Adelie,UNPE,1,11:17,2/26/2019
Adelie,WISP,1,11:18,2/26/2019
Adelie,WISP,1,11:19,2/26/2019
Adelie,GIPE,1,11:23,2/26/2019
Adelie,UNPE,5,11:25,2/26/2019
Adelie,UNPE,30,11:28,2/26/2019
Adelie,FUSE,1,11:30,2/26/2019
Adelie,GEPE,1,11:30,2/26/2019
Adelie,WISP,1,11:33,2/26/2019
Adelie,UNPE,4,11:38,2/26/2019
Adelie,WISP,1,11:38,2/26/2019
Adelie,WISP,1,11:45,2/26/2019
Adelie,WISP,1,11:46,2/26/2019
Adelie,UNSK,1,11:52,2/26/2019
Adelie,UNPE,20,11:52,2/26/2019
Adelie,UNPE,2,11:52,2/26/2019
Adelie,WISP,1,11:55,2/26/2019
Adelie,WISP,1,11:58,2/26/2019
Adelie,UNSK,1,12:04,2/26/2019
Adelie,UNSK,1,12:07,2/26/2019
Adelie,UNSK,1,12:07,2/26/2019
Adelie,UNSK,1,12:12,2/26/2019
Adelie,UNPE,35,12:12,2/26/2019
Adelie,UNSK,1,12:17,2/26/2019
Adelie,UNSK,1,12:19,2/26/2019
Adelie,UNSK,1,12:24,2/26/2019
Adelie,WISP,3,12:24,2/26/2019
Adelie,GEPE,3,12:26,2/26/2019
Adelie,GEPE,1,12:29,2/26/2019
Adelie,UNSK,4,12:29,2/26/2019
Adelie,UNPE,10,12:29,2/26/2019
Adelie,GIPE,1,12:29,2/26/2019
Adelie,CHPE,1,12:29,2/26/2019
Adelie,UNSK,2,12:34,2/26/2019
Adelie,UNSK,1,12:37,2/26/2019
Adelie,WISP,1,12:43,2/26/2019
Adelie,UNSK,1,12:46,2/26/2019
Adelie,GIPE,1,12:47,2/26/2019
Adelie,WISP,3,12:47,2/26/2019
Adelie,WISP,10,12:55,2/26/2019
Adelie,UNSK,1,13:01,2/26/2019
Adelie,WISP,1,13:04,2/26/2019
Adelie,WISP,1,13:12,2/26/2019
Adelie,GIPE,5,13:17,2/26/2019
Adelie,UNSK,1,13:23,2/26/2019
Adelie,UNPE,10,13:23,2/26/2019
Adelie,WISP,1,13:23,2/26/2019
Adelie,GIPE,1,13:24,2/26/2019
Adelie,UNSK,1,13:25,2/26/2019
Adelie,UNSK,1,13:29,2/26/2019
Adelie,WISP,1,13:29,2/26/2019
Adelie,WISP,1,13:33,2/26/2019
Adelie,,2,13:36,2/26/2019
Adelie,GIPE,1,13:36,2/26/2019
Adelie,UNSK,1,13:36,2/26/2019
Adelie,WISP,1,13:37,2/26/2019
Adelie,GEPE,9,13:37,2/26/2019
Adelie,GEPE,11,13:42,2/26/2019
Adelie,HUWH,3,13:42,2/26/2019
Adelie,WISP,1,13:45,2/26/2019
Adelie,GEPE,3,13:53,2/26/2019
Gentoo,UNTE,1,11:13,2/27/2019
Gentoo,UNSK,1,11:13,2/27/2019
Gentoo,UNSK,1,11:24,2/27/2019
Gentoo,UNTE,1,11:25,2/27/2019
Gentoo,UNSK,1,11:28,2/27/2019
Gentoo,UNPE,1,11:47,2/27/2019
Gentoo,GEPE,2,12:03,2/27/2019
Gentoo,UNSK,1,12:46,2/27/2019
Gentoo,UNSK,1,12:51,2/27/2019
Gentoo,UNPE,1,13:09,2/27/2019
Gentoo,WISP,1,13:12,2/27/2019
Gentoo,WISP,1,13:17,2/27/2019
Gentoo,UNSK,1,13:19,2/27/2019
Gentoo,GEPE,1,13:20,2/27/2019
Gentoo,UNSK,1,13:22,2/27/2019
Gentoo,UNSK,1,13:25,2/27/2019
Gentoo,WISP,3,13:32,2/27/2019
Gentoo,GIPE,1,13:33,2/27/2019
Gentoo,WISP,1,13:37,2/27/2019
Gentoo,WISP,1,13:39,2/27/2019
Gentoo,UNSK,1,13:39,2/27/2019
Gentoo,GEPE,3,13:44,2/27/2019
Gentoo,WISP,1,13:48,2/27/2019
Gentoo,UNPE,3,13:38,2/27/2019
Gentoo,UNSK,1,13:52,2/27/2019
Gentoo,UNSK,1,13:54,2/27/2019
Gentoo,UNPE,2,13:54,2/27/2019
Gentoo,UNSK,1,14:04,2/27/2019
Gentoo,WISP,1,14:15,2/27/2019
Gentoo,GEPE,2,14:18,2/27/2019
Gentoo,UNSK,2,14:18,2/27/2019
Gentoo,WISP,1,14:22,2/27/2019
Gentoo,WISP,1,14:26,2/27/2019
Gentoo,UNSK,1,14:30,2/27/2019
Gentoo,GEPE,1,14:35,2/27/2019
Gentoo,UNTE,2,14:44,2/27/2019
Gentoo,UNSK,1,14:47,2/27/2019
Gentoo,UNSK,2,15:02,2/27/2019
Gentoo,UNSK,1,15:04,2/27/2019
Gentoo,CRSE,2,15:13,2/27/2019
Gentoo,LESE,1,15:16,2/27/2019
Gentoo,GEPE,60,15:20,2/27/2019
Gentoo,UNSK,1,15:22,2/27/2019
Gentoo,UNPE,1,15:27,2/27/2019
Gentoo,GEPE,2,15:39,2/27/2019
Gentoo,HUWH,2,15:42,2/27/2019
Adelie,UNSK,1,10:24,3/5/2019
Adelie,UNSK,1,10:29,3/5/2019
Adelie,UNSK,1,10:35,3/5/2019
Adelie,WISP,1,10:37,3/5/2019
Adelie,WISP,1,10:38,3/5/2019
Adelie,FUSE,1,10:39,3/5/2019
Adelie,UNSK,1,10:40,3/5/2019
Adelie,WISP,4,10:41,3/5/2019
Adelie,UNSK,1,10:42,3/5/2019
Adelie,WISP,1,10:42,3/5/2019
Adelie,WISP,1,10:43,3/5/2019
Adelie,UNSK,1,10:44,3/5/2019
Adelie,FUSE,2,10:48,3/5/2019
Adelie,UNSK,1,10:48,3/5/2019
Adelie,WISP,1,10:49,3/5/2019
Adelie,GEPE,2,10:50,3/5/2019
Adelie,GIPE,1,10:50,3/5/2019
Adelie,WISP,1,10:51,3/5/2019
Adelie,UNSK,1,10:55,3/5/2019
Adelie,WISP,1,11:02,3/5/2019
Adelie,UNSK,1,11:03,3/5/2019
Adelie,WISP,1,11:05,3/5/2019
Adelie,WISP,1,11:06,3/5/2019
Adelie,GIPE,2,11:12,3/5/2019
Adelie,GIPE,1,11:13,3/5/2019
Adelie,UNSK,1,11:13,3/5/2019
Adelie,WISP,1,11:16,3/5/2019
Adelie,UNSK,1,11:18,3/5/2019
Adelie,WISP,1,11:22,3/5/2019
Adelie,UNSK,1,11:22,3/5/2019
Adelie,WISP,1,11:24,3/5/2019
Adelie,UNSK,1,11:26,3/5/2019
Adelie,UNSK,1,11:31,3/5/2019
Adelie,FUSE,1,11:31,3/5/2019
Adelie,WISP,1,11:32,3/5/2019
Adelie,UNSK,1,11:41,3/5/2019
Adelie,WISP,1,11:42,3/5/2019
Adelie,UNSK,1,11:43,3/5/2019
Adelie,UNSK,2,11:44,3/5/2019
Adelie,WISP,1,12:04,3/5/2019
Adelie,GIPE,1,12:04,3/5/2019
Adelie,GIPE,8,12:04,3/5/2019
Adelie,GEPE,1,12:05,3/5/2019
Adelie,WISP,1,12:09,3/5/2019
Adelie,WISP,3,12:12,3/5/2019
Adelie,UNSK,1,12:14,3/5/2019
Adelie,UNSK,1,12:16,3/5/2019
Adelie,WISP,1,12:16,3/5/2019
Adelie,MIWH,1,12:17,3/5/2019
Adelie,WISP,1,12:18,3/5/2019
Adelie,UNPE,2,12:18,3/5/2019
Adelie,WISP,1,12:20,3/5/2019
Adelie,UNSK,1,12:20,3/5/2019
Adelie,WISP,1,12:22,3/5/2019
Adelie,GIPE,1,12:23,3/5/2019
Adelie,FUSE,1,12:25,3/5/2019
Adelie,WISP,1,12:28,3/5/2019
Adelie,UNSK,1,12:36,3/5/2019
Adelie,WISP,1,12:38,3/5/2019
Adelie,UNSK,2,12:41,3/5/2019
Adelie,UNSK,1,12:45,3/5/2019
Adelie,WISP,2,12:47,3/5/2019
Adelie,GIPE,1,12:49,3/5/2019
Adelie,WISP,1,12:49,3/5/2019
Adelie,UNSK,1,12:51,3/5/2019
Adelie,UNSK,1,13:00,3/5/2019
Adelie,UNSK,1,13:03,3/5/2019
Adelie,UNSK,1,13:07,3/5/2019
Adelie,WISP,1,13:11,3/5/2019
Adelie,UNWH,1,13:11,3/5/2019
Adelie,UNSK,2,13:13,3/5/2019
Adelie,UNSK,1,13:20,3/5/2019
Adelie,FUSE,2,13:23,3/5/2019
Adelie,UNSK,1,13:23,3/5/2019
Adelie,WISP,1,13:24,3/5/2019
Adelie,WISP,1,13:26,3/5/2019
Adelie,GEPE,2,13:28,3/5/2019
Adelie,WISP,1,13:28,3/5/2019
Adelie,WISP,1,13:32,3/5/2019
Adelie,GEPE,2,13:32,3/5/2019
Adelie,WISP,1,13:36,3/5/2019
Adelie,WISP,1,13:38,3/5/2019
Adelie,UNSK,1,13:39,3/5/2019
Adelie,UNSK,2,13:40,3/5/2019
Adelie,GEPE,3,13:41,3/5/2019
Adelie,FUSE,1,13:43,3/5/2019
Adelie,UNSK,1,13:45,3/5/2019
Adelie,UNPE,2,13:53,3/5/2019
Adelie,GIPE,1,13:53,3/5/2019
Adelie,WISP,1,13:54,3/5/2019
Adelie,WISP,1,13:56,3/5/2019
Adelie,UNSK,1,13:58,3/5/2019
Adelie,WISP,1,14:08,3/5/2019
Adelie,GEPE,5,14:08,3/5/2019
Adelie,GEPE,2,14:10,3/5/2019
Adelie,UNSK,1,14:12,3/5/2019
Adelie,GEPE,3,14:17,3/5/2019
Adelie,UNSK,1,14:21,3/5/2019
Adelie,ADPE,1,14:25,3/5/2019
Adelie,GIPE,1,14:25,3/5/2019
Adelie,WISP,1,14:25,3/5/2019
Adelie,HUWH,1,14:31,3/5/2019
Adelie,UNPE,1,14:32,3/5/2019
Adelie,WISP,1,14:32,3/5/2019
Adelie,WISP,1,14:34,3/5/2019
Adelie,UNSK,1,14:36,3/5/2019
Adelie,UNSK,1,14:39,3/5/2019
Adelie,WISP,1,14:41,3/5/2019
Adelie,UNPE,1,14:42,3/5/2019
Adelie,UNSK,1,14:43,3/5/2019
Adelie,UNSK,1,14:49,3/5/2019
Adelie,WISP,1,14:49,3/5/2019
Adelie,WISP,1,14:52,3/5/2019
Adelie,GIPE,1,14:53,3/5/2019
Adelie,HUWH,1,14:55,3/5/2019
Adelie,UNSK,1,14:57,3/5/2019
Adelie,GEPE,5,14:57,3/5/2019
Gentoo,WISP,4,10:20,3/6/2019
Gentoo,WISP,2,10:22,3/6/2019
Gentoo,GIPE,3,10:22,3/6/2019
Gentoo,WISP,1,10:25,3/6/2019
Gentoo,UNSK,1,10:27,3/6/2019
Gentoo,WISP,2,10:27,3/6/2019
Gentoo,WISP,1,10:29,3/6/2019
Gentoo,GIPE,1,10:34,3/6/2019
Gentoo,WISP,1,10:35,3/6/2019
Gentoo,UNSK,1,10:41,3/6/2019
Gentoo,UNSK,1,10:45,3/6/2019
Gentoo,GIPE,1,10:46,3/6/2019
Gentoo,HUWH,1,10:49,3/6/2019
Gentoo,UNSK,1,10:52,3/6/2019
Gentoo,WISP,1,11:00,3/6/2019
Gentoo,GIPE,1,11:02,3/6/2019
Gentoo,UNSK,1,11:04,3/6/2019
Gentoo,GEPE,50,11:07,3/6/2019
Gentoo,GIPE,1,11:09,3/6/2019
Gentoo,WISP,6,11:09,3/6/2019
Gentoo,GIPE,8,11:09,3/6/2019
Gentoo,WISP,1,11:09,3/6/2019
Gentoo,UNSK,1,11:09,3/6/2019
Gentoo,WISP,1,11:12,3/6/2019
Gentoo,UNSK,1,11:12,3/6/2019
Gentoo,UNTE,1,11:13,3/6/2019
Gentoo,UNSK,1,11:13,3/6/2019
Gentoo,WISP,1,11:25,3/6/2019
Gentoo,GEPE,2,11:27,3/6/2019
Gentoo,WISP,1,11:29,3/6/2019
Gentoo,WISP,2,11:33,3/6/2019
Gentoo,WISP,4,11:34,3/6/2019
Gentoo,UNSK,2,11:41,3/6/2019
Gentoo,UNSK,1,11:51,3/6/2019
Gentoo,GEPE,1,11:52,3/6/2019
Gentoo,UNSK,1,11:52,3/6/2019
Gentoo,WISP,1,11:53,3/6/2019
Gentoo,UNSK,1,11:54,3/6/2019
Gentoo,UNSK,1,12:10,3/6/2019
Gentoo,WISP,1,12:11,3/6/2019
Gentoo,WISP,1,12:14,3/6/2019
Gentoo,UNSK,1,12:14,3/6/2019
Gentoo,WISP,1,12:15,3/6/2019
Gentoo,UNSK,1,12:25,3/6/2019
Gentoo,GEPE,1,12:28,3/6/2019
Gentoo,UNSK,2,12:33,3/6/2019
Gentoo,WISP,1,12:39,3/6/2019
Gentoo,WISP,1,12:42,3/6/2019
Gentoo,UNSK,1,12:43,3/6/2019
Gentoo,WISP,1,12:43,3/6/2019
Gentoo,UNSK,1,12:46,3/6/2019
Gentoo,WISP,1,12:50,3/6/2019
Gentoo,WISP,1,12:51,3/6/2019
Gentoo,UNSK,1,12:54,3/6/2019
Gentoo,UNSK,1,12:59,3/6/2019
Gentoo,GIPE,1,13:12,3/6/2019
Gentoo,UNSK,1,13:13,3/6/2019
Gentoo,GEPE,4,13:14,3/6/2019
Gentoo,WISP,1,13:15,3/6/2019
Gentoo,UNSK,1,13:18,3/6/2019
Gentoo,WISP,3,13:20,3/6/2019
Gentoo,UNSK,1,13:24,3/6/2019
Gentoo,WISP,1,13:25,3/6/2019
Gentoo,GEPE,1,13:26,3/6/2019
Gentoo,UNSK,1,13:27,3/6/2019
Gentoo,WISP,1,13:28,3/6/2019
Gentoo,UNSK,1,13:29,3/6/2019
Gentoo,HUWH,2,13:29,3/6/2019
Gentoo,GEPE,1,13:29,3/6/2019
Gentoo,UNSK,2,13:29,3/6/2019
Gentoo,WISP,1,13:31,3/6/2019
Gentoo,UNSK,1,13:32,3/6/2019
Gentoo,UNSK,1,13:36,3/6/2019
Gentoo,UNSK,2,13:38,3/6/2019
Gentoo,WISP,1,13:40,3/6/2019
Gentoo,UNSK,1,13:40,3/6/2019
Gentoo,WISP,1,13:42,3/6/2019
Gentoo,UNPE,1,13:43,3/6/2019
Gentoo,UNSK,1,13:43,3/6/2019
Gentoo,UNSK,2,13:46,3/6/2019
Gentoo,UNSK,2,13:48,3/6/2019
Gentoo,FUSE,1,13:51,3/6/2019
Gentoo,UNSK,1,13:51,3/6/2019
Gentoo,GIPE,1,13:51,3/6/2019
Gentoo,UNTE,1,13:55,3/6/2019
Gentoo,UNSK,1,13:57,3/6/2019
Gentoo,WISP,1,13:59,3/6/2019
Gentoo,UNSK,2,13:59,3/6/2019
Gentoo,GIPE,1,13:59,3/6/2019
Gentoo,WISP,2,14:02,3/6/2019
Gentoo,GEPE,2,14:02,3/6/2019
Adelie,HUWH,1,10:25,3/12/2019
Adelie,WISP,1,10:27,3/12/2019
Adelie,UNSK,1,10:29,3/12/2019
Adelie,UNSK,3,10:31,3/12/2019
Adelie,UNSK,1,10:32,3/12/2019
Adelie,UNSK,1,10:33,3/12/2019
Adelie,WISP,1,10:34,3/12/2019
Adelie,GIPE,1,10:34,3/12/2019
Adelie,UNSK,1,10:36,3/12/2019
Adelie,UNSK,1,10:37,3/12/2019
Adelie,WISP,1,10:37,3/12/2019
Adelie,UNSK,1,10:38,3/12/2019
Adelie,UNSK,1,10:39,3/12/2019
Adelie,UNSK,1,10:42,3/12/2019
Adelie,UNSK,1,10:45,3/12/2019
Adelie,WISP,1,10:45,3/12/2019
Adelie,UNSK,1,10:53,3/12/2019
Adelie,UNSK,1,10:54,3/12/2019
Adelie,UNSK,1,10:59,3/12/2019
Adelie,UNSK,1,11:02,3/12/2019
Adelie,WISP,1,11:02,3/12/2019
Adelie,UNSK,1,11:08,3/12/2019
Adelie,UNSK,1,11:10,3/12/2019
Adelie,UNSK,1,11:12,3/12/2019
Adelie,WISP,1,11:17,3/12/2019
Adelie,UNSK,1,11:19,3/12/2019
Adelie,UNSK,1,11:22,3/12/2019
Adelie,UNSK,1,11:23,3/12/2019
Adelie,UNSK,1,11:29,3/12/2019
Adelie,UNSK,1,11:34,3/12/2019
Adelie,UNSK,1,11:38,3/12/2019
Adelie,UNSK,1,11:45,3/12/2019
Adelie,GIPE,1,12:04,3/12/2019
Adelie,UNSK,1,12:04,3/12/2019
Adelie,UNSK,1,12:08,3/12/2019
Adelie,UNSK,1,12:13,3/12/2019
Adelie,WISP,1,12:15,3/12/2019
Adelie,UNSK,1,12:20,3/12/2019
Adelie,WISP,1,12:24,3/12/2019
Adelie,GIPE,1,12:25,3/12/2019
Adelie,GIPE,1,12:27,3/12/2019
Adelie,GIPE,1,12:30,3/12/2019
Adelie,UNSK,1,12:34,3/12/2019
Adelie,UNSK,1,12:37,3/12/2019
Adelie,FUSE,1,12:50,3/12/2019
Adelie,UNSK,1,12:50,3/12/2019
Adelie,UNTE,1,12:51,3/12/2019
Adelie,WISP,1,12:52,3/12/2019
Adelie,UNSK,1,12:57,3/12/2019
Adelie,FUSE,1,13:00,3/12/2019
Adelie,UNSK,1,13:02,3/12/2019
Adelie,UNSK,1,13:04,3/12/2019
Adelie,UNSK,1,13:07,3/12/2019
Adelie,UNSK,1,13:09,3/12/2019
Adelie,WISP,1,13:13,3/12/2019
Adelie,UNSK,1,13:16,3/12/2019
Adelie,WISP,1,13:21,3/12/2019
Adelie,WISP,1,13:23,3/12/2019
Adelie,KEGU,1,13:24,3/12/2019
Adelie,WISP,1,13:34,3/12/2019
Adelie,UNSK,1,13:37,3/12/2019
Adelie,UNSK,1,13:41,3/12/2019
Adelie,UNSK,1,13:43,3/12/2019
Adelie,UNSK,3,13:43,3/12/2019
Adelie,UNSK,2,13:45,3/12/2019
Adelie,WISP,2,13:47,3/12/2019
Adelie,UNSK,1,13:52,3/12/2019
Adelie,UNSK,1,13:55,3/12/2019
Adelie,UNSK,1,14:11,3/12/2019
Adelie,GIPE,1,14:12,3/12/2019
Adelie,UNSK,1,14:15,3/12/2019
Adelie,UNSK,1,14:18,3/12/2019
Adelie,UNSK,1,14:19,3/12/2019
Adelie,GIPE,1,14:28,3/12/2019
Adelie,UNSK,1,14:31,3/12/2019
Adelie,WISP,1,14:31,3/12/2019
Adelie,UNSK,1,14:34,3/12/2019
Adelie,UNSK,1,14:38,3/12/2019
Gentoo,WISP,1,10:57,3/13/2019
Gentoo,UNSK,1,11:02,3/13/2019
Gentoo,HUWH,1,11:04,3/13/2019
Gentoo,UNSK,1,11:04,3/13/2019
Gentoo,GEPE,1,11:05,3/13/2019
Gentoo,GEPE,2,11:06,3/13/2019
Gentoo,GEPE,9,11:17,3/13/2019
Gentoo,GEPE,1,11:20,3/13/2019
Gentoo,GEPE,1,11:23,3/13/2019
Gentoo,UNSK,1,11:24,3/13/2019
Gentoo,GIPE,1,11:24,3/13/2019
Gentoo,WISP,1,11:27,3/13/2019
Gentoo,WISP,1,11:30,3/13/2019
Gentoo,WISP,1,11:31,3/13/2019
Gentoo,WISP,1,11:33,3/13/2019
Gentoo,UNSK,1,11:34,3/13/2019
Gentoo,WISP,1,11:38,3/13/2019
Gentoo,FUSE,1,11:39,3/13/2019
Gentoo,WISP,1,11:42,3/13/2019
Gentoo,WISP,2,11:42,3/13/2019
Gentoo,UNPE,1,11:43,3/13/2019
Gentoo,WISP,1,11:51,3/13/2019
Gentoo,UNSK,1,11:51,3/13/2019
Gentoo,GIPE,1,11:54,3/13/2019
Gentoo,GIPE,5,11:57,3/13/2019
Gentoo,WISP,1,11:57,3/13/2019
Gentoo,WISP,1,11:57,3/13/2019
Gentoo,UNSK,1,11:59,3/13/2019
Gentoo,UNSK,1,12:04,3/13/2019
Gentoo,GEPE,1,12:05,3/13/2019
Gentoo,UNPE,1,12:17,3/13/2019
Gentoo,WISP,1,12:26,3/13/2019
Gentoo,UNSK,1,12:27,3/13/2019
Gentoo,WISP,1,12:28,3/13/2019
Gentoo,UNSK,1,12:28,3/13/2019
Gentoo,UNPE,1,12:28,3/13/2019
Gentoo,GEPE,1,12:31,3/13/2019
Gentoo,GEPE,1,12:32,3/13/2019
Gentoo,UNSK,1,12:35,3/13/2019
Gentoo,UNSK,1,12:37,3/13/2019
Gentoo,UNSK,1,12:39,3/13/2019
Gentoo,UNSK,1,12:44,3/13/2019
Gentoo,WISP,2,12:45,3/13/2019
Gentoo,WISP,1,12:47,3/13/2019
Gentoo,UNSK,1,12:47,3/13/2019
Gentoo,WISP,1,12:48,3/13/2019
Gentoo,UNSK,1,12:48,3/13/2019
Gentoo,WISP,1,12:50,3/13/2019
Gentoo,UNSK,2,12:51,3/13/2019
Gentoo,UNPE,1,12:51,3/13/2019
Gentoo,WISP,1,12:56,3/13/2019
Gentoo,UNSK,1,12:56,3/13/2019
Gentoo,WISP,1,12:58,3/13/2019
Gentoo,GIPE,1,12:59,3/13/2019
Gentoo,UNSK,1,12:59,3/13/2019
Gentoo,WISP,2,12:59,3/13/2019
Gentoo,UNSK,1,13:01,3/13/2019
Gentoo,UNSK,1,13:03,3/13/2019
Gentoo,GIPE,7,13:04,3/13/2019
Gentoo,GEPE,6,13:05,3/13/2019
Gentoo,WISP,2,13:10,3/13/2019
Gentoo,GIPE,1,13:17,3/13/2019
Gentoo,UNSK,1,13:30,3/13/2019
Gentoo,UNSK,2,13:35,3/13/2019
Gentoo,WISP,1,13:36,3/13/2019
Gentoo,WISP,1,13:40,3/13/2019
Gentoo,WISP,3,13:48,3/13/2019
Gentoo,FUSE,40,13:49,3/13/2019
Gentoo,UNSK,1,13:49,3/13/2019
Gentoo,UNPE,6,13:50,3/13/2019
Gentoo,UNSK,1,13:50,3/13/2019
Gentoo,WISP,2,13:50,3/13/2019
Gentoo,UNSK,1,13:54,3/13/2019
Gentoo,GEPE,2,13:55,3/13/2019
Gentoo,WISP,1,13:55,3/13/2019
Gentoo,GEPE,1,13:59,3/13/2019
Gentoo,WISP,1,14:08,3/13/2019
Gentoo,FUSE,1,14:09,3/13/2019
Gentoo,GEPE,1,14:10,3/13/2019
Gentoo,WISP,1,11:31,3/19/2019
Gentoo,UNSK,1,11:33,3/19/2019
Gentoo,UNSK,1,12:12,3/19/2019
Gentoo,UNSK,1,12:37,3/19/2019
Gentoo,UNSK,1,13:01,3/19/2019
Gentoo,FUSE,1,13:19,3/19/2019
Gentoo,UNSK,1,13:19,3/19/2019
Gentoo,UNPE,1,13:19,3/19/2019
Gentoo,LESE,1,14:00,3/19/2019
Gentoo,CRSE,1,14:01,3/19/2019
Gentoo,CRSE,1,14:01,3/19/2019
Gentoo,UNSK,1,14:03,3/19/2019
Gentoo,CRSE,1,14:06,3/19/2019
Gentoo,CRSE,1,14:07,3/19/2019
Gentoo,GIPE,1,14:07,3/19/2019
Gentoo,UNSK,1,14:07,3/19/2019
Gentoo,UNSK,1,14:17,3/19/2019
Gentoo,UNTE,1,14:45,3/19/2019
Gentoo,UNSK,1,14:48,3/19/2019
Gentoo,HUWH,1,14:48,3/19/2019
Gentoo,WISP,1,14:51,3/19/2019
Gentoo,WISP,1,14:56,3/19/2019
Gentoo,UNSK,2,15:00,3/19/2019
Gentoo,GIPE,3,15:04,3/19/2019
Gentoo,UNSK,2,15:04,3/19/2019
Gentoo,GEPE,1,15:19,3/19/2019
Gentoo,UNSK,1,15:22,3/19/2019
Adelie,UNSK,1,10:41,3/20/2019
Adelie,UNSK,1,10:44,3/20/2019
Adelie,FUSE,1,10:45,3/20/2019
Adelie,WISP,1,10:51,3/20/2019
Adelie,UNSK,1,10:52,3/20/2019
Adelie,WISP,1,10:52,3/20/2019
Adelie,WISP,1,10:52,3/20/2019
Adelie,UNSK,1,10:54,3/20/2019
Adelie,GIPE,1,11:03,3/20/2019
Adelie,UNSK,2,11:04,3/20/2019
Adelie,WISP,2,11:09,3/20/2019
Adelie,UNSK,1,11:10,3/20/2019
Adelie,UNSK,1,11:11,3/20/2019
Adelie,FUSE,2,11:12,3/20/2019
Adelie,UNSK,1,11:14,3/20/2019
Adelie,WISP,1,11:15,3/20/2019
Adelie,WISP,1,11:21,3/20/2019
Adelie,WISP,1,11:28,3/20/2019
Adelie,GIPE,1,11:30,3/20/2019
Adelie,UNSK,1,11:38,3/20/2019
Adelie,UNSK,1,11:38,3/20/2019
Adelie,WISP,1,11:38,3/20/2019
Adelie,GIPE,1,11:45,3/20/2019
Adelie,UNSK,1,11:55,3/20/2019
Adelie,GIPE,1,12:05,3/20/2019
Adelie,UNSK,1,12:15,3/20/2019
Adelie,UNSK,1,12:17,3/20/2019
Adelie,UNSK,2,12:17,3/20/2019
Adelie,GIPE,1,12:18,3/20/2019
Adelie,GIPE,1,12:18,3/20/2019
Adelie,GIPE,2,12:24,3/20/2019
Adelie,WISP,1,12:26,3/20/2019
Adelie,GIPE,1,12:30,3/20/2019
Adelie,GIPE,1,12:31,3/20/2019
Adelie,WISP,1,12:44,3/20/2019
Adelie,GIPE,1,12:45,3/20/2019
Adelie,WISP,1,12:47,3/20/2019
Adelie,UNSK,1,12:48,3/20/2019
Adelie,WISP,1,12:54,3/20/2019
Adelie,BESH,1,12:55,3/20/2019
Adelie,WISP,1,12:57,3/20/2019
Adelie,WISP,1,13:02,3/20/2019
Adelie,UNSK,1,13:04,3/20/2019
Adelie,UNSK,1,13:05,3/20/2019
Adelie,UNSK,1,13:10,3/20/2019
Adelie,UNSK,1,13:13,3/20/2019
Adelie,BESH,1,13:14,3/20/2019
Adelie,UNSK,1,13:16,3/20/2019
Adelie,UNSK,1,13:24,3/20/2019
Adelie,WISP,1,13:24,3/20/2019
Adelie,FUSE,1,13:30,3/20/2019
Adelie,BESH,1,13:32,3/20/2019
Adelie,WISP,1,13:33,3/20/2019
Adelie,FUSE,1,13:38,3/20/2019
Adelie,GIPE,1,13:48,3/20/2019
Adelie,UNSK,1,13:54,3/20/2019
Adelie,GIPE,1,13:54,3/20/2019
Adelie,ANPE,1,13:54,3/20/2019
Adelie,WISP,1,13:57,3/20/2019
Adelie,FUSE,1,14:02,3/20/2019
Adelie,GIPE,1,14:05,3/20/2019
Adelie,GIPE,1,14:06,3/20/2019
Adelie,WISP,1,14:10,3/20/2019
Adelie,UNSK,1,14:10,3/20/2019
Adelie,ANPE,1,14:10,3/20/2019
Adelie,UNSK,1,14:11,3/20/2019
Adelie,UNSK,1,14:18,3/20/2019
Adelie,WISP,1,14:20,3/20/2019
Adelie,WISP,1,14:20,3/20/2019
Adelie,UNSK,1,14:22,3/20/2019
Adelie,GIPE,1,14:24,3/20/2019
Adelie,UNSK,1,14:31,3/20/2019
Adelie,WISP,1,14:31,3/20/2019
Adelie,UNSK,1,14:34,3/20/2019
Gentoo,ANTE,3,10:45,3/27/2019
Gentoo,UNPT,1,10:47,3/27/2019
Gentoo,GIPE,1,10:55,3/27/2019
Gentoo,WISP,1,10:58,3/27/2019
Gentoo,UNSK,1,10:58,3/27/2019
Gentoo,WISP,1,10:59,3/27/2019
Gentoo,WISP,1,11:03,3/27/2019
Gentoo,FUSE,1,11:05,3/27/2019
Gentoo,WISP,1,11:06,3/27/2019
Gentoo,UNSK,1,11:07,3/27/2019
Gentoo,UNSK,1,11:09,3/27/2019
Gentoo,UNSK,1,11:10,3/27/2019
Gentoo,GIPE,1,11:10,3/27/2019
Gentoo,WISP,1,11:10,3/27/2019
Gentoo,UNSK,2,11:14,3/27/2019
Gentoo,GIPE,1,11:15,3/27/2019
Gentoo,UNSK,1,11:15,3/27/2019
Gentoo,UNSK,1,11:18,3/27/2019
Gentoo,WISP,1,11:19,3/27/2019
Gentoo,GIPE,1,11:19,3/27/2019
Gentoo,WISP,1,11:20,3/27/2019
Gentoo,UNSK,1,11:20,3/27/2019
Gentoo,GIPE,1,11:20,3/27/2019
Gentoo,WISP,1,11:24,3/27/2019
Gentoo,UNSK,1,11:31,3/27/2019
Gentoo,WISP,1,11:32,3/27/2019
Gentoo,GIPE,1,11:32,3/27/2019
Gentoo,WISP,1,11:33,3/27/2019
Gentoo,UNSK,1,11:33,3/27/2019
Gentoo,UNSK,2,11:33,3/27/2019
Gentoo,WISP,1,11:35,3/27/2019
Gentoo,GIPE,1,11:36,3/27/2019
Gentoo,UNSK,1,11:36,3/27/2019
Gentoo,UNSK,1,11:37,3/27/2019
Gentoo,UNSK,1,11:37,3/27/2019
Gentoo,WISP,1,11:38,3/27/2019
Gentoo,UNSK,1,11:40,3/27/2019
Gentoo,UNSK,2,11:41,3/27/2019
Gentoo,UNSK,1,11:42,3/27/2019
Gentoo,KEGU,1,11:42,3/27/2019
Gentoo,KEGU,1,11:43,3/27/2019
Gentoo,UNSK,1,11:50,3/27/2019
Gentoo,WISP,1,11:55,3/27/2019
Gentoo,GEPE,2,11:55,3/27/2019
Gentoo,UNSK,1,11:56,3/27/2019
Gentoo,UNSK,1,12:00,3/27/2019
Gentoo,UNSK,1,12:05,3/27/2019
Gentoo,UNSK,1,12:07,3/27/2019
Gentoo,WISP,1,12:11,3/27/2019
Gentoo,GIPE,1,12:14,3/27/2019
Gentoo,GIPE,1,12:15,3/27/2019
Gentoo,WISP,1,12:29,3/27/2019
Gentoo,UNSK,1,12:29,3/27/2019
Gentoo,UNSK,1,12:30,3/27/2019
Gentoo,WISP,1,12:31,3/27/2019
Gentoo,UNSK,1,12:32,3/27/2019
Gentoo,UNSK,2,12:32,3/27/2019
Gentoo,UNSK,1,12:33,3/27/2019
Gentoo,UNSK,2,12:33,3/27/2019
Gentoo,UNSK,1,12:34,3/27/2019
Gentoo,WISP,1,12:34,3/27/2019
Gentoo,GIPE,1,12:34,3/27/2019
Gentoo,WISP,1,12:34,3/27/2019
Gentoo,UNSK,1,12:35,3/27/2019
Gentoo,GIPE,1,12:36,3/27/2019
Gentoo,GIPE,2,12:37,3/27/2019
Gentoo,UNSK,1,12:38,3/27/2019
Gentoo,GIPE,1,12:38,3/27/2019
Gentoo,UNSK,1,12:40,3/27/2019
Gentoo,WISP,1,12:40,3/27/2019
Gentoo,WISP,1,12:42,3/27/2019
Gentoo,WISP,1,12:43,3/27/2019
Gentoo,UNSK,1,12:47,3/27/2019
Gentoo,GEPE,1,12:49,3/27/2019
Gentoo,UNSK,1,12:49,3/27/2019
Gentoo,WISP,1,12:49,3/27/2019
Gentoo,WISP,1,12:51,3/27/2019
Gentoo,UNPT,1,12:51,3/27/2019
Gentoo,UNSK,1,12:52,3/27/2019
Gentoo,UNSK,2,12:54,3/27/2019
Gentoo,UNSK,1,12:58,3/27/2019
Gentoo,UNSK,1,12:59,3/27/2019
Gentoo,WISP,1,13:02,3/27/2019
Gentoo,UNSK,1,13:03,3/27/2019
Gentoo,GIPE,1,13:05,3/27/2019
Gentoo,WISP,1,13:05,3/27/2019
Gentoo,UNSK,1,13:07,3/27/2019
Gentoo,CRSE,1,13:10,3/27/2019
Gentoo,UNSK,1,13:12,3/27/2019
Gentoo,UNSK,1,13:13,3/27/2019
Gentoo,WISP,1,13:14,3/27/2019
Gentoo,WISP,1,13:16,3/27/2019
Gentoo,WISP,1,13:18,3/27/2019
Gentoo,GIPE,1,13:20,3/27/2019
Gentoo,WISP,1,13:20,3/27/2019
Gentoo,WISP,1,13:21,3/27/2019
Gentoo,WISP,1,13:24,3/27/2019
Gentoo,GEPE,1,13:25,3/27/2019
Gentoo,UNSK,1,13:26,3/27/2019
Gentoo,UNSK,1,13:27,3/27/2019
Gentoo,UNSK,1,13:29,3/27/2019
Gentoo,GEPE,1,13:30,3/27/2019
Gentoo,UNSK,2,13:30,3/27/2019
Gentoo,UNSK,2,13:30,3/27/2019
Gentoo,UNSK,1,13:32,3/27/2019
Gentoo,WISP,1,13:33,3/27/2019
Gentoo,WISP,1,13:34,3/27/2019
Gentoo,UNSK,1,13:34,3/27/2019
Gentoo,GIPE,1,13:35,3/27/2019
Gentoo,UNSK,1,13:35,3/27/2019
Gentoo,WISP,1,13:38,3/27/2019
Gentoo,GIPE,1,13:38,3/27/2019
Gentoo,UNSK,1,13:43,3/27/2019
Gentoo,UNSK,1,13:52,3/27/2019
Gentoo,GIPE,1,13:52,3/27/2019
Gentoo,KEGU,1,13:54,3/27/2019
Gentoo,GIPE,1,14:05,3/27/2019
Gentoo,GIPE,2,14:11,3/27/2019
Gentoo,UNSK,2,14:11,3/27/2019
Gentoo,WISP,1,14:13,3/27/2019
Gentoo,GIPE,1,14:14,3/27/2019
Gentoo,WISP,1,14:16,3/27/2019
Gentoo,ANTE,1,14:17,3/27/2019
Gentoo,GIPE,1,14:19,3/27/2019
Gentoo,UNPE,1,14:21,3/27/2019
Gentoo,UNSK,1,14:23,3/27/2019
Gentoo,GIPE,1,14:23,3/27/2019
Gentoo,WISP,1,14:23,3/27/2019
Gentoo,UNSK,1,14:25,3/27/2019
Gentoo,WISP,1,14:30,3/27/2019
Gentoo,WISP,1,14:33,3/27/2019
